Workbook

Sheet Sheet1
A1: 행 레이블 | B1: 코드 | C1: 제품명 | D1: 1월 | E1: 2월 | F1: 3월 | G1: 4월 | H1: 5월 | I1: 6월 | J1: 7월 | K1: 8월 | L1: 9월 | M1: 10월 | N1: 11월 | O1: 10월 | P1: 총합계 | S1: 1달판매량 | T1: 3달판매량 | U1: 현재고량 | V1: 현재고량박스 | X1: 단가 | Y1: 수입금액합계
A2: 0 | B2: 72004072 | C2: #072-4온즈 페인트-Gold | H2: -1 | J2: -1 | M2: -3 | P2: -5 | Y2: =SUM(Y3:Y400) -> 46346
B3: 720PT001 | C3: 파인트-#001-페인트-Black | H3: -10 | P3: -10
B4: 720PT005 | C4: 파인트-#005-페인트-White | H4: -10 | P4: -10
B5: 720PT101 | C5: 파인트-#101-페인트-Flat Black | H5: -10 | P5: -10
B6: 720PT105 | C6: 파인트-#105-페인트-Flat White | H6: -10 | P6: -10
A7: 1-1.레더페인트 | B7: 72001001 | C7: =VLOOKUP(B7,[1]제품리스트!$A$2:$J$1000,10,FALSE) -> #001-Paint 1oz Black | D7: -699 | E7: -653 | F7: -734 | G7: -781 | H7: -598 | I7: -581 | J7: -927 | K7: -646 | L7: -539 | M7: -856 | N7: -566 | O7: -24 | P7: -7604 | Q7: =VLOOKUP(B7,[1]제품리스트!$A$2:$J$1000,10,FALSE) -> #001-Paint 1oz Black | R7: =P7/11 -> -691.27273 | S7: =R7/-12 -> 57.606061 | T7: =S7*3 -> 172.81818 | U7: =VLOOKUP(B7,[1]재고수량!$A$13:$D$651,3,FALSE) -> #N/A | V7: =U7/12 -> #N/A | X7: =VLOOKUP(B7,[1]제품리스트!$A$2:$F$1110,5,FALSE) -> 16.2 | Y7: =W7*X7 -> 0
B8: 72001004 | C8: #004-레더페인트-Neutral | D8: -66 | E8: -50 | F8: -72 | G8: -78 | H8: -93 | I8: -65 | J8: -141 | K8: -78 | L8: -60 | M8: -127 | N8: -45 | P8: -875 | Q8: =VLOOKUP(B8,[1]제품리스트!$A$2:$J$1000,10,FALSE) -> #004-Paint 1oz Neutral | R8: =P8/11 -> -79.545455 | S8: =R8/-12 -> 6.6287879 | T8: =S8*3 -> 19.886364 | U8: =VLOOKUP(B8,[1]재고수량!$A$13:$D$651,3,FALSE) -> #N/A | V8: =U8/12 -> #N/A | W8: 20 | X8: =VLOOKUP(B8,[1]제품리스트!$A$2:$F$1110,5,FALSE) -> 16.2 | Y8: =W8*X8 -> 324
B9: 72001005 | C9: #005-레더페인트-White | D9: -537 | E9: -503 | F9: -499 | G9: -588 | H9: -536 | I9: -535 | J9: -680 | K9: -627 | L9: -532 | M9: -695 | N9: -364 | P9: -6096 | Q9: =VLOOKUP(B9,[1]제품리스트!$A$2:$J$1000,10,FALSE) -> #005-Paint 1oz White | R9: =P9/11 -> -554.18182 | S9: =R9/-12 -> 46.181818 | T9: =S9*3 -> 138.54545 | U9: =VLOOKUP(B9,[1]재고수량!$A$13:$D$651,3,FALSE) -> #N/A | V9: =U9/12 -> #N/A | X9: =VLOOKUP(B9,[1]제품리스트!$A$2:$F$1110,5,FALSE) -> 16.2 | Y9: =W9*X9 -> 0
B10: 72001014 | C10: #014-레더페인트-Brown | D10: -81 | E10: -63 | F10: -90 | G10: -72 | H10: -92 | I10: -94 | J10: -84 | K10: -122 | L10: -66 | M10: -146 | N10: -81 | P10: -991 | Q10: =VLOOKUP(B10,[1]제품리스트!$A$2:$J$1000,10,FALSE) -> #014-Paint 1oz Brown | R10: =P10/11 -> -90.090909 | S10: =R10/-12 -> 7.5075758 | T10: =S10*3 -> 22.522727 | U10: =VLOOKUP(B10,[1]재고수량!$A$13:$D$651,3,FALSE) -> #N/A | V10: =U10/12 -> #N/A | W10: 20 | X10: =VLOOKUP(B10,[1]제품리스트!$A$2:$F$1110,5,FALSE) -> 16.2 | Y10: =W10*X10 -> 324
B11: 72001015 | C11: #015-레더페인트-Chocolate | D11: -12 | E11: -27 | F11: -30 | G11: -26 | H11: -37 | I11: -27 | J11: -53 | K11: -43 | L11: -9 | M11: -87 | N11: -53 | P11: -404 | Q11: =VLOOKUP(B11,[1]제품리스트!$A$2:$J$1000,10,FALSE) -> #015-Paint 1oz Chocolate | R11: =P11/11 -> -36.727273 | S11: =R11/-12 -> 3.0606061 | T11: =S11*3 -> 9.1818182 | U11: =VLOOKUP(B11,[1]재고수량!$A$13:$D$651,3,FALSE) -> #N/A | V11: =U11/12 -> #N/A | W11: 20 | X11: =VLOOKUP(B11,[1]제품리스트!$A$2:$F$1110,5,FALSE) -> 16.2 | Y11: =W11*X11 -> 324
B12: 72001018 | C12: #018-레더페인트-DarkBrown | D12: -63 | E12: -78 | F12: -116 | G12: -92 | H12: -65 | I12: -111 | J12: -1 | K12: -131 | L12: -73 | M12: -161 | N12: -84 | P12: -975 | Q12: =VLOOKUP(B12,[1]제품리스트!$A$2:$J$1000,10,FALSE) -> #018-Paint 1oz DarkBrown | R12: =P12/11 -> -88.636364 | S12: =R12/-12 -> 7.3863636 | T12: =S12*3 -> 22.159091 | U12: =VLOOKUP(B12,[1]재고수량!$A$13:$D$651,3,FALSE) -> #N/A | V12: =U12/12 -> #N/A | W12: 20 | X12: =VLOOKUP(B12,[1]제품리스트!$A$2:$F$1110,5,FALSE) -> 16.2 | Y12: =W12*X12 -> 324
B13: 72001019 | C13: #019-레더페인트-English Tan | D13: -30 | E13: -26 | F13: -32 | G13: -17 | H13: -51 | I13: -22 | J13: -16 | K13: -25 | L13: -13 | M13: -45 | N13: -19 | P13: -296 | Q13: =VLOOKUP(B13,[1]제품리스트!$A$2:$J$1000,10,FALSE) -> #019-Paint 1oz English Tan | R13: =P13/11 -> -26.909091 | S13: =R13/-12 -> 2.2424242 | T13: =S13*3 -> 6.7272727 | U13: =VLOOKUP(B13,[1]재고수량!$A$13:$D$651,3,FALSE) -> #N/A | V13: =U13/12 -> #N/A | W13: 10 | X13: =VLOOKUP(B13,[1]제품리스트!$A$2:$F$1110,5,FALSE) -> 16.2 | Y13: =W13*X13 -> 162
B14: 72001021 | C14: #021-레더페인트-LightBrown | D14: -31 | E14: -44 | F14: -18 | G14: -36 | H14: -45 | I14: -40 | J14: -50 | K14: -34 | L14: -50 | M14: -32 | N14: -40 | P14: -420 | Q14: =VLOOKUP(B14,[1]제품리스트!$A$2:$J$1000,10,FALSE) -> #021-Paint 1oz LightBrown | R14: =P14/11 -> -38.181818 | S14: =R14/-12 -> 3.1818182 | T14: =S14*3 -> 9.5454545 | U14: =VLOOKUP(B14,[1]재고수량!$A$13:$D$651,3,FALSE) -> #N/A | V14: =U14/12 -> #N/A | W14: 10 | X14: =VLOOKUP(B14,[1]제품리스트!$A$2:$F$1110,5,FALSE) -> 16.2 | Y14: =W14*X14 -> 162
B15: 72001024 | C15: #024-레더페인트-Orange | D15: -71 | E15: -77 | F15: -148 | G15: -40 | H15: -89 | I15: -88 | J15: -159 | K15: -85 | L15: -74 | M15: -61 | N15: -51 | P15: -943 | Q15: =VLOOKUP(B15,[1]제품리스트!$A$2:$J$1000,10,FALSE) -> #024-Paint 1oz Orange | R15: =P15/11 -> -85.727273 | S15: =R15/-12 -> 7.1439394 | T15: =S15*3 -> 21.431818 | U15: =VLOOKUP(B15,[1]재고수량!$A$13:$D$651,3,FALSE) -> #N/A | V15: =U15/12 -> #N/A | W15: 20 | X15: =VLOOKUP(B15,[1]제품리스트!$A$2:$F$1110,5,FALSE) -> 16.2 | Y15: =W15*X15 -> 324
B16: 72001027 | C16: #027-레더페인트- SADDLE | D16: -7 | E16: -20 | F16: -12 | G16: -5 | H16: -29 | I16: -39 | J16: -13 | K16: -9 | L16: -8 | M16: -49 | N16: -12 | P16: -203 | Q16: =VLOOKUP(B16,[1]제품리스트!$A$2:$J$1000,10,FALSE) -> #027- Paint 1oz SADDLE | R16: =P16/11 -> -18.454545 | S16: =R16/-12 -> 1.5378788 | T16: =S16*3 -> 4.6136364 | U16: =VLOOKUP(B16,[1]재고수량!$A$13:$D$651,3,FALSE) -> #N/A | V16: =U16/12 -> #N/A | W16: 10 | X16: =VLOOKUP(B16,[1]제품리스트!$A$2:$F$1110,5,FALSE) -> 16.2 | Y16: =W16*X16 -> 162
B17: 72001029 | C17: #029-레더페인트- Tan | D17: -36 | E17: -31 | F17: -45 | G17: -16 | H17: -18 | I17: -59 | J17: -40 | K17: -28 | L17: -18 | M17: -31 | N17: -26 | P17: -348 | Q17: =VLOOKUP(B17,[1]제품리스트!$A$2:$J$1000,10,FALSE) -> #029- Paint 1oz Tan | R17: =P17/11 -> -31.636364 | S17: =R17/-12 -> 2.6363636 | T17: =S17*3 -> 7.9090909 | U17: =VLOOKUP(B17,[1]재고수량!$A$13:$D$651,3,FALSE) -> #N/A | V17: =U17/12 -> #N/A | W17: 10 | X17: =VLOOKUP(B17,[1]제품리스트!$A$2:$F$1110,5,FALSE) -> 16.2 | Y17: =W17*X17 -> 162
B18: 72001040 | C18: #040-레더페인트-BLUE | D18: -223 | E18: -114 | F18: -247 | G18: -148 | H18: -169 | I18: -195 | J18: -288 | K18: -238 | L18: -192 | M18: -152 | N18: -94 | P18: -2060 | Q18: =VLOOKUP(B18,[1]제품리스트!$A$2:$J$1000,10,FALSE) -> #040-Paint 1oz BLUE | R18: =P18/11 -> -187.27273 | S18: =R18/-12 -> 15.606061 | T18: =S18*3 -> 46.818182 | U18: =VLOOKUP(B18,[1]재고수량!$A$13:$D$651,3,FALSE) -> #N/A | V18: =U18/12 -> #N/A | W18: 40 | X18: =VLOOKUP(B18,[1]제품리스트!$A$2:$F$1110,5,FALSE) -> 16.2 | Y18: =W18*X18 -> 648
B19: 72001041 | C19: #041-레더페인트-LightBLUE | D19: -35 | E19: -56 | F19: -58 | G19: -47 | H19: -59 | I19: -83 | J19: -84 | K19: -46 | L19: -85 | M19: -34 | N19: -40 | P19: -627 | Q19: =VLOOKUP(B19,[1]제품리스트!$A$2:$J$1000,10,FALSE) -> #041-Paint 1oz LightBLUE | R19: =P19/11 -> -57 | S19: =R19/-12 -> 4.75 | T19: =S19*3 -> 14.25 | U19: =VLOOKUP(B19,[1]재고수량!$A$13:$D$651,3,FALSE) -> #N/A | V19: =U19/12 -> #N/A | W19: 20 | X19: =VLOOKUP(B19,[1]제품리스트!$A$2:$F$1110,5,FALSE) -> 16.2 | Y19: =W19*X19 -> 324
B20: 72001042 | C20: #042-레더페인트-NavyBlue | D20: -36 | E20: -75 | F20: -55 | G20: -62 | H20: -71 | I20: -75 | J20: -80 | K20: -63 | L20: -82 | M20: -45 | N20: -41 | P20: -685 | Q20: =VLOOKUP(B20,[1]제품리스트!$A$2:$J$1000,10,FALSE) -> #042-Paint 1oz NavyBlue | R20: =P20/11 -> -62.272727 | S20: =R20/-12 -> 5.1893939 | T20: =S20*3 -> 15.568182 | U20: =VLOOKUP(B20,[1]재고수량!$A$13:$D$651,3,FALSE) -> #N/A | V20: =U20/12 -> #N/A | W20: 20 | X20: =VLOOKUP(B20,[1]제품리스트!$A$2:$F$1110,5,FALSE) -> 16.2 | Y20: =W20*X20 -> 324
B21: 72001043 | C21: #043-레더페인트-Turgouise | D21: -26 | E21: -39 | F21: -29 | G21: -29 | H21: -36 | I21: -38 | J21: -33 | K21: -56 | L21: -15 | M21: -33 | N21: -24 | P21: -358 | Q21: =VLOOKUP(B21,[1]제품리스트!$A$2:$J$1000,10,FALSE) -> #043-Paint 1oz Turgouise | R21: =P21/11 -> -32.545455 | S21: =R21/-12 -> 2.7121212 | T21: =S21*3 -> 8.1363636 | U21: =VLOOKUP(B21,[1]재고수량!$A$13:$D$651,3,FALSE) -> #N/A | V21: =U21/12 -> #N/A | W21: 10 | X21: =VLOOKUP(B21,[1]제품리스트!$A$2:$F$1110,5,FALSE) -> 16.2 | Y21: =W21*X21 -> 162
... B34: 72001093 | C34: #093-레더페인트-Brick | D34: -9 | E34: -15 | F34: -29 | G34: -6 | H34: -23 | I34: -29 | J34: -42 | K34: -4 | L34: -7 | M34: -20 | N34: -15 | P34: -199 | Q34: =VLOOKUP(B34,[1]제품리스트!$A$2:$J$1000,10,FALSE) -> #093-Paint 1oz Brick | R34: =P34/11 -> -18.090909 | S34: =R34/-12 -> 1.5075758 | T34: =S34*3 -> 4.5227273 | U34: =VLOOKUP(B34,[1]재고수량!$A$13:$D$651,3,FALSE) -> #N/A | V34: =U34/12 -> #N/A | W34: 10 | X34: =VLOOKUP(B34,[1]제품리스트!$A$2:$F$1110,5,FALSE) -> 16.2 | Y34: =W34*X34 -> 162
B35: 72001101 | C35: #101-레더페인트-Flat Black | D35: -466 | E35: -439 | F35: -513 | G35: -648 | H35: -545 | I35: -543 | J35: -507 | K35: -548 | L35: -613 | M35: -637 | N35: -508 | O35: 24 | P35: -5943 | Q35: =VLOOKUP(B35,[1]제품리스트!$A$2:$J$1000,10,FALSE) -> #101-Paint 1oz Flat Black | R35: =P35/11 -> -540.27273 | S35: =R35/-12 -> 45.022727 | T35: =S35*3 -> 135.06818 | U35: =VLOOKUP(B35,[1]재고수량!$A$13:$D$651,3,FALSE) -> #N/A | V35: =U35/12 -> #N/A | X35: =VLOOKUP(B35,[1]제품리스트!$A$2:$F$1110,5,FALSE) -> 16.2 | Y35: =W35*X35 -> 0
B36: 72001105 | C36: #105-레더페인트-Flat White | D36: -294 | E36: -367 | F36: -501 | G36: -571 | H36: -485 | I36: -614 | J36: -585 | K36: -492 | L36: -360 | M36: -401 | N36: -318 | P36: -4988 | Q36: =VLOOKUP(B36,[1]제품리스트!$A$2:$J$1000,10,FALSE) -> #105-Paint 1oz Flat White | R36: =P36/11 -> -453.45455 | S36: =R36/-12 -> 37.787879 | T36: =S36*3 -> 113.36364 | U36: =VLOOKUP(B36,[1]재고수량!$A$13:$D$651,3,FALSE) -> #N/A | V36: =U36/12 -> #N/A | X36: =VLOOKUP(B36,[1]제품리스트!$A$2:$F$1110,5,FALSE) -> 16.2 | Y36: =W36*X36 -> 0
B37: 72001141 | C37: #141-레더페인트-Copper | D37: -15 | E37: -14 | F37: -10 | G37: -4 | H37: -31 | I37: -8 | J37: -10 | K37: -16 | L37: -2 | M37: -14 | N37: -19 | P37: -143 | Q37: =VLOOKUP(B37,[1]제품리스트!$A$2:$J$1000,10,FALSE) -> #141-Paint 1oz Copper | R37: =P37/11 -> -13 | S37: =R37/-12 -> 1.0833333 | T37: =S37*3 -> 3.25 | U37: =VLOOKUP(B37,[1]재고수량!$A$13:$D$651,3,FALSE) -> #N/A | V37: =U37/12 -> #N/A | W37: 5 | X37: =VLOOKUP(B37,[1]제품리스트!$A$2:$F$1110,5,FALSE) -> 16.2 | Y37: =W37*X37 -> 81
B38: 72001142 | C38: #142-레더페인트-Bronze | D38: -21 | E38: -33 | F38: -20 | G38: -1 | H38: -41 | I38: -27 | J38: -24 | K38: -14 | L38: -35 | M38: -36 | N38: -21 | P38: -273 | Q38: =VLOOKUP(B38,[1]제품리스트!$A$2:$J$1000,10,FALSE) -> #142-Paint 1oz Bronze | R38: =P38/11 -> -24.818182 | S38: =R38/-12 -> 2.0681818 | T38: =S38*3 -> 6.2045455 | U38: =VLOOKUP(B38,[1]재고수량!$A$13:$D$651,3,FALSE) -> #N/A | V38: =U38/12 -> #N/A | W38: 5 | X38: =VLOOKUP(B38,[1]제품리스트!$A$2:$F$1110,5,FALSE) -> 16.2 | Y38: =W38*X38 -> 81
B39: 72001143 | C39: #143-레더페인트-Pewter | D39: -12 | E39: -32 | F39: -16 | G39: -13 | H39: -33 | I39: -26 | J39: -21 | K39: -38 | L39: -21 | M39: -37 | N39: -28 | P39: -277 | Q39: =VLOOKUP(B39,[1]제품리스트!$A$2:$J$1000,10,FALSE) -> #143-Paint 1oz Pewter | R39: =P39/11 -> -25.181818 | S39: =R39/-12 -> 2.0984848 | T39: =S39*3 -> 6.2954545 | U39: =VLOOKUP(B39,[1]재고수량!$A$13:$D$651,3,FALSE) -> #N/A | V39: =U39/12 -> #N/A | W39: 5 | X39: =VLOOKUP(B39,[1]제품리스트!$A$2:$F$1110,5,FALSE) -> 16.2 | Y39: =W39*X39 -> 81
B40: 72001150 | C40: #150-레더페인트-SILVER | D40: -53 | E40: -50 | F40: -73 | G40: -74 | H40: -77 | I40: -74 | J40: -91 | K40: -107 | L40: -42 | M40: -73 | N40: -57 | P40: -771 | Q40: =VLOOKUP(B40,[1]제품리스트!$A$2:$J$1000,10,FALSE) -> #150-Paint 1oz SILVER | R40: =P40/11 -> -70.090909 | S40: =R40/-12 -> 5.8409091 | T40: =S40*3 -> 17.522727 | U40: =VLOOKUP(B40,[1]재고수량!$A$13:$D$651,3,FALSE) -> #N/A | V40: =U40/12 -> #N/A | W40: 20 | X40: =VLOOKUP(B40,[1]제품리스트!$A$2:$F$1110,5,FALSE) -> 16.2 | Y40: =W40*X40 -> 324
B41: 72001155 | C41: #155-레더페인트-Bone | D41: -17 | E41: -16 | F41: -7 | G41: -12 | H41: -21 | I41: -12 | J41: -38 | K41: -11 | L41: -24 | M41: -19 | N41: -15 | P41: -192 | Q41: =VLOOKUP(B41,[1]제품리스트!$A$2:$J$1000,10,FALSE) -> #155-Paint 1oz Bone | R41: =P41/11 -> -17.454545 | S41: =R41/-12 -> 1.4545455 | T41: =S41*3 -> 4.3636364 | U41: =VLOOKUP(B41,[1]재고수량!$A$13:$D$651,3,FALSE) -> #N/A | V41: =U41/12 -> #N/A | X41: =VLOOKUP(B41,[1]제품리스트!$A$2:$F$1110,5,FALSE) -> 16.2 | Y41: =W41*X41 -> 0
B42: 72001156 | C42: #156-레더페인트-Champagne | D42: -22 | E42: -34 | F42: -29 | G42: -7 | H42: -36 | I42: -49 | J42: -62 | K42: -24 | L42: -30 | M42: -28 | N42: -28 | P42: -349 | Q42: =VLOOKUP(B42,[1]제품리스트!$A$2:$J$1000,10,FALSE) -> #156-Paint 1oz Champagne | R42: =P42/11 -> -31.727273 | S42: =R42/-12 -> 2.6439394 | T42: =S42*3 -> 7.9318182 | U42: =VLOOKUP(B42,[1]재고수량!$A$13:$D$651,3,FALSE) -> #N/A | V42: =U42/12 -> #N/A | W42: 10 | X42: =VLOOKUP(B42,[1]제품리스트!$A$2:$F$1110,5,FALSE) -> 16.2 | Y42: =W42*X42 -> 162
B43: 72001157 | C43: #157-레더페인트-DarkBone | D43: -6 | E43: -14 | F43: -10 | G43: -4 | H43: -32 | I43: -1 | J43: -6 | K43: -32 | L43: -7 | M43: -21 | N43: -19 | P43: -152 | Q43: =VLOOKUP(B43,[1]제품리스트!$A$2:$J$1000,10,FALSE) -> #157-Paint 1oz DarkBone | R43: =P43/11 -> -13.818182 | S43: =R43/-12 -> 1.1515152 | T43: =S43*3 -> 3.4545455 | U43: =VLOOKUP(B43,[1]재고수량!$A$13:$D$651,3,FALSE) -> #N/A | V43: =U43/12 -> #N/A | X43: =VLOOKUP(B43,[1]제품리스트!$A$2:$F$1110,5,FALSE) -> 16.2 | Y43: =W43*X43 -> 0
B44: 72001159 | C44: #159-레더페인트-Mist | D44: -22 | E44: -20 | F44: -21 | G44: -24 | H44: -23 | I44: -44 | J44: -12 | K44: -35 | L44: -7 | M44: -26 | N44: -10 | P44: -244 | Q44: =VLOOKUP(B44,[1]제품리스트!$A$2:$J$1000,10,FALSE) -> #159-Paint 1oz Mist | R44: =P44/11 -> -22.181818 | S44: =R44/-12 -> 1.8484848 | T44: =S44*3 -> 5.5454545 | U44: =VLOOKUP(B44,[1]재고수량!$A$13:$D$651,3,FALSE) -> #N/A | V44: =U44/12 -> #N/A | W44: 10 | X44: =VLOOKUP(B44,[1]제품리스트!$A$2:$F$1110,5,FALSE) -> 16.2 | Y44: =W44*X44 -> 162
B45: 72001160 | C45: #160-레더페인트-Vanilla | D45: -25 | E45: -47 | F45: -36 | G45: -38 | H45: -47 | I45: -37 | J45: -71 | K45: -32 | L45: -31 | M45: -46 | N45: -32 | P45: -442 | Q45: =VLOOKUP(B45,[1]제품리스트!$A$2:$J$1000,10,FALSE) -> #160-Paint 1oz Vanilla | R45: =P45/11 -> -40.181818 | S45: =R45/-12 -> 3.3484848 | T45: =S45*3 -> 10.045455 | U45: =VLOOKUP(B45,[1]재고수량!$A$13:$D$651,3,FALSE) -> #N/A | V45: =U45/12 -> #N/A | W45: 10 | X45: =VLOOKUP(B45,[1]제품리스트!$A$2:$F$1110,5,FALSE) -> 16.2 | Y45: =W45*X45 -> 162
B46: 72001161 | C46: #161-레더페인트-Natural | D46: -4 | E46: -39 | F46: -13 | G46: -19 | H46: -23 | I46: -55 | J46: -16 | K46: -41 | L46: -26 | M46: -66 | N46: -20 | P46: -322 | Q46: =VLOOKUP(B46,[1]제품리스트!$A$2:$J$1000,10,FALSE) -> #161-Paint 1oz Natural | R46: =P46/11 -> -29.272727 | S46: =R46/-12 -> 2.4393939 | T46: =S46*3 -> 7.3181818 | U46: =VLOOKUP(B46,[1]재고수량!$A$13:$D$651,3,FALSE) -> #N/A | V46: =U46/12 -> #N/A | W46: 10 | X46: =VLOOKUP(B46,[1]제품리스트!$A$2:$F$1110,5,FALSE) -> 16.2 | Y46: =W46*X46 -> 162
B47: 72001162 | C47: #162-레더페인트-Cream | D47: -63 | E47: -70 | F47: -63 | G47: -80 | H47: -84 | I47: -40 | J47: -124 | K47: -81 | L47: -119 | M47: -75 | N47: -63 | P47: -862 | Q47: =VLOOKUP(B47,[1]제품리스트!$A$2:$J$1000,10,FALSE) -> #162-Paint 1oz Cream | R47: =P47/11 -> -78.363636 | S47: =R47/-12 -> 6.530303 | T47: =S47*3 -> 19.590909 | U47: =VLOOKUP(B47,[1]재고수량!$A$13:$D$651,3,FALSE) -> #N/A | V47: =U47/12 -> #N/A | W47: 20 | X47: =VLOOKUP(B47,[1]제품리스트!$A$2:$F$1110,5,FALSE) -> 16.2 | Y47: =W47*X47 -> 324
B48: 72001163 | C48: #163-레더페인트-CapazioTan | D48: -7 | E48: -19 | F48: -8 | G48: -11 | H48: -23 | I48: -32 | J48: -27 | K48: -7 | L48: -13 | M48: -28 | N48: -32 | P48: -207 | Q48: =VLOOKUP(B48,[1]제품리스트!$A$2:$J$1000,10,FALSE) -> #163-Paint 1oz CapazioTan | R48: =P48/11 -> -18.818182 | S48: =R48/-12 -> 1.5681818 | T48: =S48*3 -> 4.7045455 | U48: =VLOOKUP(B48,[1]재고수량!$A$13:$D$651,3,FALSE) -> #N/A | V48: =U48/12 -> #N/A | X48: =VLOOKUP(B48,[1]제품리스트!$A$2:$F$1110,5,FALSE) -> 16.2 | Y48: =W48*X48 -> 0
B49: 72001165 | C49: #165-레더페인트-BeigeTaupe | D49: -12 | E49: -40 | F49: -22 | G49: -2 | H49: -26 | I49: -7 | J49: -16 | K49: -19 | L49: -16 | M49: -23 | N49: -30 | P49: -213 | Q49: =VLOOKUP(B49,[1]제품리스트!$A$2:$J$1000,10,FALSE) -> #165-Paint 1oz BeigeTaupe | R49: =P49/11 -> -19.363636 | S49: =R49/-12 -> 1.6136364 | T49: =S49*3 -> 4.8409091 | U49: =VLOOKUP(B49,[1]재고수량!$A$13:$D$651,3,FALSE) -> #N/A | V49: =U49/12 -> #N/A | X49: =VLOOKUP(B49,[1]제품리스트!$A$2:$F$1110,5,FALSE) -> 16.2 | Y49: =W49*X49 -> 0
B50: 72001166 | C50: #166-레더페인트-GreyTaupe | D50: -3 | E50: -24 | F50: -11 | G50: -13 | H50: -25 | I50: -27 | J50: -22 | K50: -6 | L50: -5 | M50: -34 | N50: -33 | P50: -203 | Q50: =VLOOKUP(B50,[1]제품리스트!$A$2:$J$1000,10,FALSE) -> #166-Paint 1oz GreyTaupe | R50: =P50/11 -> -18.454545 | S50: =R50/-12 -> 1.5378788 | T50: =S50*3 -> 4.6136364 | U50: =VLOOKUP(B50,[1]재고수량!$A$13:$D$651,3,FALSE) -> #N/A | V50: =U50/12 -> #N/A | X50: =VLOOKUP(B50,[1]제품리스트!$A$2:$F$1110,5,FALSE) -> 16.2 | Y50: =W50*X50 -> 0
B51: 72001167 | C51: #167-레더페인트-Taupe | D51: -10 | E51: -31 | F51: -35 | G51: -15 | H51: -26 | I51: -27 | J51: -21 | K51: -9 | L51: -31 | M51: -36 | N51: -16 | P51: -257 | Q51: =VLOOKUP(B51,[1]제품리스트!$A$2:$J$1000,10,FALSE) -> #167-Paint 1oz Taupe | R51: =P51/11 -> -23.363636 | S51: =R51/-12 -> 1.9469697 | T51: =S51*3 -> 5.8409091 | U51: =VLOOKUP(B51,[1]재고수량!$A$13:$D$651,3,FALSE) -> #N/A | V51: =U51/12 -> #N/A | X51: =VLOOKUP(B51,[1]제품리스트!$A$2:$F$1110,5,FALSE) -> 16.2 | Y51: =W51*X51 -> 0
B52: 72001168 | C52: #168-레더페인트-DarkTaupe | D52: -12 | E52: -33 | F52: -39 | G52: -15 | H52: -39 | I52: -28 | J52: -26 | K52: -12 | L52: -24 | M52: -26 | N52: -17 | P52: -271 | Q52: =VLOOKUP(B52,[1]제품리스트!$A$2:$J$1000,10,FALSE) -> #168-Paint 1oz DarkTaupe | R52: =P52/11 -> -24.636364 | S52: =R52/-12 -> 2.0530303 | T52: =S52*3 -> 6.1590909 | U52: =VLOOKUP(B52,[1]재고수량!$A$13:$D$651,3,FALSE) -> #N/A | V52: =U52/12 -> #N/A | W52: 5 | X52: =VLOOKUP(B52,[1]제품리스트!$A$2:$F$1110,5,FALSE) -> 16.2 | Y52: =W52*X52 -> 81
B53: 72001169 | C53: #169-레더페인트-Mauve | D53: -4 | E53: -29 | F53: -15 | G53: -14 | H53: -26 | I53: -18 | J53: -16 | K53: -28 | L53: -27 | M53: -26 | N53: -13 | P53: -216 | Q53: =VLOOKUP(B53,[1]제품리스트!$A$2:$J$1000,10,FALSE) -> #169-Paint 1oz Mauve | R53: =P53/11 -> -19.636364 | S53: =R53/-12 -> 1.6363636 | T53: =S53*3 -> 4.9090909 | U53: =VLOOKUP(B53,[1]재고수량!$A$13:$D$651,3,FALSE) -> #N/A | V53: =U53/12 -> #N/A | X53: =VLOOKUP(B53,[1]제품리스트!$A$2:$F$1110,5,FALSE) -> 16.2 | Y53: =W53*X53 -> 0
B54: 72001170 | C54: #170-레더페인트-Avocado | D54: -28 | E54: -62 | F54: -39 | G54: -29 | H54: -61 | I54: -36 | J54: -76 | K54: -23 | L54: -41 | M54: -21 | N54: -33 | P54: -449 | Q54: =VLOOKUP(B54,[1]제품리스트!$A$2:$J$1000,10,FALSE) -> #170-Paint 1oz Avocado | R54: =P54/11 -> -40.818182 | S54: =R54/-12 -> 3.4015152 | T54: =S54*3 -> 10.204545 | U54: =VLOOKUP(B54,[1]재고수량!$A$13:$D$651,3,FALSE) -> #N/A | V54: =U54/12 -> #N/A | W54: 10 | X54: =VLOOKUP(B54,[1]제품리스트!$A$2:$F$1110,5,FALSE) -> 16.2 | Y54: =W54*X54 -> 162
B55: 72001171 | C55: #171-레더페인트-DarkGreen | D55: -34 | E55: -48 | F55: -33 | G55: -20 | H55: -67 | I55: -23 | J55: -48 | K55: -40 | L55: -30 | M55: -53 | N55: -38 | P55: -434 | Q55: =VLOOKUP(B55,[1]제품리스트!$A$2:$J$1000,10,FALSE) -> #171-Paint 1oz DarkGreen | R55: =P55/11 -> -39.454545 | S55: =R55/-12 -> 3.2878788 | T55: =S55*3 -> 9.8636364 | U55: =VLOOKUP(B55,[1]재고수량!$A$13:$D$651,3,FALSE) -> #N/A | V55: =U55/12 -> #N/A | W55: 10 | X55: =VLOOKUP(B55,[1]제품리스트!$A$2:$F$1110,5,FALSE) -> 16.2 | Y55: =W55*X55 -> 162
B56: 72001172 | C56: #172-레더페인트-Light Green | D56: -50 | E56: -54 | F56: -54 | G56: -34 | H56: -30 | I56: -80 | J56: -55 | K56: -72 | L56: -54 | M56: -33 | N56: -35 | P56: -551 | Q56: =VLOOKUP(B56,[1]제품리스트!$A$2:$J$1000,10,FALSE) -> #172-Paint 1oz Light Green | R56: =P56/11 -> -50.090909 | S56: =R56/-12 -> 4.1742424 | T56: =S56*3 -> 12.522727 | U56: =VLOOKUP(B56,[1]재고수량!$A$13:$D$651,3,FALSE) -> #N/A | V56: =U56/12 -> #N/A | W56: 10 | X56: =VLOOKUP(B56,[1]제품리스트!$A$2:$F$1110,5,FALSE) -> 16.2 | Y56: =W56*X56 -> 162
B57: 72001174 | C57: #174-레더페인트-GiftBoxBlue | D57: -33 | E57: -50 | F57: -21 | G57: -23 | H57: -56 | I57: -46 | J57: -53 | K57: -40 | L57: -35 | M57: -21 | N57: -25 | P57: -403 | Q57: =VLOOKUP(B57,[1]제품리스트!$A$2:$J$1000,10,FALSE) -> #174-Paint 1oz GiftBoxBlue | R57: =P57/11 -> -36.636364 | S57: =R57/-12 -> 3.0530303 | T57: =S57*3 -> 9.1590909 | U57: =VLOOKUP(B57,[1]재고수량!$A$13:$D$651,3,FALSE) -> #N/A | V57: =U57/12 -> #N/A | W57: 10 | X57: =VLOOKUP(B57,[1]제품리스트!$A$2:$F$1110,5,FALSE) -> 16.2 | Y57: =W57*X57 -> 162
B58: 72001175 | C58: #175-레더페인트-Lylac | D58: -39 | E58: -58 | F58: -57 | G58: -52 | H58: -57 | I58: -54 | J58: -72 | K58: -86 | L58: -42 | M58: -59 | N58: -37 | P58: -613 | Q58: =VLOOKUP(B58,[1]제품리스트!$A$2:$J$1000,10,FALSE) -> #175-Paint 1oz Lylac | R58: =P58/11 -> -55.727273 | S58: =R58/-12 -> 4.6439394 | T58: =S58*3 -> 13.931818 | U58: =VLOOKUP(B58,[1]재고수량!$A$13:$D$651,3,FALSE) -> #N/A | V58: =U58/12 -> #N/A | W58: 20 | X58: =VLOOKUP(B58,[1]제품리스트!$A$2:$F$1110,5,FALSE) -> 16.2 | Y58: =W58*X58 -> 324
B59: 72001176 | C59: #176-레더페인트-PaleBlue | D59: -36 | E59: -61 | F59: -44 | G59: -42 | H59: -62 | I59: -51 | J59: -75 | K59: -81 | L59: -63 | M59: -35 | N59: -36 | P59: -586 | Q59: =VLOOKUP(B59,[1]제품리스트!$A$2:$J$1000,10,FALSE) -> #176-Paint 1oz PaleBlue | R59: =P59/11 -> -53.272727 | S59: =R59/-12 -> 4.4393939 | T59: =S59*3 -> 13.318182 | U59: =VLOOKUP(B59,[1]재고수량!$A$13:$D$651,3,FALSE) -> #N/A | V59: =U59/12 -> #N/A | W59: 15 | X59: =VLOOKUP(B59,[1]제품리스트!$A$2:$F$1110,5,FALSE) -> 16.2 | Y59: =W59*X59 -> 243
B60: 72001177 | C60: #177-레더페인트-Sapphire | D60: -43 | E60: -67 | F60: -47 | G60: -26 | H60: -57 | I60: -40 | J60: -51 | K60: -73 | L60: -21 | M60: -34 | N60: -48 | P60: -507 | Q60: =VLOOKUP(B60,[1]제품리스트!$A$2:$J$1000,10,FALSE) -> #177-Paint 1oz Sapphire | R60: =P60/11 -> -46.090909 | S60: =R60/-12 -> 3.8409091 | T60: =S60*3 -> 11.522727 | U60: =VLOOKUP(B60,[1]재고수량!$A$13:$D$651,3,FALSE) -> #N/A | V60: =U60/12 -> #N/A | W60: 15 | X60: =VLOOKUP(B60,[1]제품리스트!$A$2:$F$1110,5,FALSE) -> 16.2 | Y60: =W60*X60 -> 243
B61: 72001178 | C61: #178-레더페인트-Violet | D61: -59 | E61: -84 | F61: -47 | G61: -62 | H61: -23 | I61: -56 | J61: -123 | K61: -123 | L61: -58 | M61: -46 | N61: -45 | P61: -726 | Q61: =VLOOKUP(B61,[1]제품리스트!$A$2:$J$1000,10,FALSE) -> #178-Paint 1oz Violet | R61: =P61/11 -> -66 | S61: =R61/-12 -> 5.5 | T61: =S61*3 -> 16.5 | U61: =VLOOKUP(B61,[1]재고수량!$A$13:$D$651,3,FALSE) -> #N/A | V61: =U61/12 -> #N/A | W61: 20 | X61: =VLOOKUP(B61,[1]제품리스트!$A$2:$F$1110,5,FALSE) -> 16.2 | Y61: =W61*X61 -> 324
B62: 72001179 | C62: #179-레더페인트-DarkBlue | D62: -30 | E62: -57 | F62: -31 | G62: -24 | H62: -44 | I62: -35 | J62: -51 | K62: -22 | L62: -54 | M62: -34 | N62: -15 | P62: -397 | Q62: =VLOOKUP(B62,[1]제품리스트!$A$2:$J$1000,10,FALSE) -> #179-Paint 1oz DarkBlue | R62: =P62/11 -> -36.090909 | S62: =R62/-12 -> 3.0075758 | T62: =S62*3 -> 9.0227273 | U62: =VLOOKUP(B62,[1]재고수량!$A$13:$D$651,3,FALSE) -> #N/A | V62: =U62/12 -> #N/A | W62: 10 | X62: =VLOOKUP(B62,[1]제품리스트!$A$2:$F$1110,5,FALSE) -> 16.2 | Y62: =W62*X62 -> 162
B63: 72001180 | C63: #180-레더페인트-Cognac | D63: -5 | E63: -17 | F63: -9 | G63: -9 | H63: -23 | I63: -20 | J63: -22 | K63: -10 | L63: -23 | M63: -25 | N63: -17 | P63: -180 | Q63: =VLOOKUP(B63,[1]제품리스트!$A$2:$J$1000,10,FALSE) -> #180-Paint 1oz Cognac | R63: =P63/11 -> -16.363636 | S63: =R63/-12 -> 1.3636364 | T63: =S63*3 -> 4.0909091 | U63: =VLOOKUP(B63,[1]재고수량!$A$13:$D$651,3,FALSE) -> #N/A | V63: =U63/12 -> #N/A | W63: 5 | X63: =VLOOKUP(B63,[1]제품리스트!$A$2:$F$1110,5,FALSE) -> 16.2 | Y63: =W63*X63 -> 81
B64: 72001181 | C64: #181-레더페인트-RichBrown | D64: -15 | E64: -62 | F64: -19 | G64: -23 | H64: -52 | I64: -42 | J64: -34 | K64: 0 | L64: -47 | M64: -49 | N64: -34 | P64: -377 | Q64: =VLOOKUP(B64,[1]제품리스트!$A$2:$J$1000,10,FALSE) -> #181-Paint 1oz RichBrown | R64: =P64/11 -> -34.272727 | S64: =R64/-12 -> 2.8560606 | T64: =S64*3 -> 8.5681818 | U64: =VLOOKUP(B64,[1]재고수량!$A$13:$D$651,3,FALSE) -> #N/A | V64: =U64/12 -> #N/A | W64: 10 | X64: =VLOOKUP(B64,[1]제품리스트!$A$2:$F$1110,5,FALSE) -> 16.2 | Y64: =W64*X64 -> 162
B65: 72001182 | C65: #182-레더페인트-Sand | D65: -13 | E65: -33 | F65: -15 | G65: -7 | H65: -18 | I65: -22 | J65: -17 | K65: -14 | L65: -43 | M65: -17 | N65: -26 | P65: -225 | Q65: =VLOOKUP(B65,[1]제품리스트!$A$2:$J$1000,10,FALSE) -> #182-Paint 1oz Sand | R65: =P65/11 -> -20.454545 | S65: =R65/-12 -> 1.7045455 | T65: =S65*3 -> 5.1136364 | U65: =VLOOKUP(B65,[1]재고수량!$A$13:$D$651,3,FALSE) -> #N/A | V65: =U65/12 -> #N/A | W65: 10 | X65: =VLOOKUP(B65,[1]제품리스트!$A$2:$F$1110,5,FALSE) -> 16.2 | Y65: =W65*X65 -> 162
... B79: 72001260 | C79: #260-레더페인트-Chili Red | D79: -30 | E79: -63 | F79: -35 | G79: -17 | H79: -34 | I79: -45 | J79: -60 | K79: -58 | L79: -30 | M79: -15 | N79: -34 | P79: -421 | Q79: =VLOOKUP(B79,[1]제품리스트!$A$2:$J$1000,10,FALSE) -> #260-Paint 1oz Chili Red | R79: =P79/11 -> -38.272727 | S79: =R79/-12 -> 3.1893939 | T79: =S79*3 -> 9.5681818 | U79: =VLOOKUP(B79,[1]재고수량!$A$13:$D$651,3,FALSE) -> #N/A | V79: =U79/12 -> #N/A | W79: 10 | X79: =VLOOKUP(B79,[1]제품리스트!$A$2:$F$1110,5,FALSE) -> 16.2 | Y79: =W79*X79 -> 162
B80: 72001261 | C80: #261-레더페인트-South Beach | D80: -11 | E80: -33 | F80: -14 | G80: -18 | H80: -28 | I80: -35 | J80: -40 | K80: -66 | L80: -6 | M80: -39 | N80: -15 | P80: -305 | Q80: =VLOOKUP(B80,[1]제품리스트!$A$2:$J$1000,10,FALSE) -> #261-Paint 1oz South Beach | R80: =P80/11 -> -27.727273 | S80: =R80/-12 -> 2.3106061 | T80: =S80*3 -> 6.9318182 | U80: =VLOOKUP(B80,[1]재고수량!$A$13:$D$651,3,FALSE) -> #N/A | V80: =U80/12 -> #N/A | X80: =VLOOKUP(B80,[1]제품리스트!$A$2:$F$1110,5,FALSE) -> 16.2 | Y80: =W80*X80 -> 0
B81: 72001262 | C81: #262-레더페인트-Play in the Sand | D81: -11 | E81: -17 | F81: -20 | G81: -24 | H81: -27 | I81: -41 | J81: -23 | K81: -38 | L81: -31 | M81: -38 | N81: -29 | P81: -299 | Q81: =VLOOKUP(B81,[1]제품리스트!$A$2:$J$1000,10,FALSE) -> #262-Paint 1oz Play in the Sand | R81: =P81/11 -> -27.181818 | S81: =R81/-12 -> 2.2651515 | T81: =S81*3 -> 6.7954545 | U81: =VLOOKUP(B81,[1]재고수량!$A$13:$D$651,3,FALSE) -> #N/A | V81: =U81/12 -> #N/A | X81: =VLOOKUP(B81,[1]제품리스트!$A$2:$F$1110,5,FALSE) -> 16.2 | Y81: =W81*X81 -> 0
B82: 72001263 | C82: #263-레더페인트-Grinch Green | D82: -18 | E82: -48 | F82: -12 | G82: -13 | H82: -41 | I82: -50 | J82: -22 | K82: -49 | L82: -40 | M82: -24 | N82: -25 | P82: -342 | Q82: =VLOOKUP(B82,[1]제품리스트!$A$2:$J$1000,10,FALSE) -> #263-Paint 1oz Grinch Green | R82: =P82/11 -> -31.090909 | S82: =R82/-12 -> 2.5909091 | T82: =S82*3 -> 7.7727273 | U82: =VLOOKUP(B82,[1]재고수량!$A$13:$D$651,3,FALSE) -> #N/A | V82: =U82/12 -> #N/A | X82: =VLOOKUP(B82,[1]제품리스트!$A$2:$F$1110,5,FALSE) -> 16.2 | Y82: =W82*X82 -> 0
B83: 72001264 | C83: #264-레더페인트-Putty | D83: -5 | E83: -21 | F83: -3 | G83: -7 | H83: -24 | I83: -31 | J83: -2 | K83: -5 | L83: -5 | M83: -21 | N83: -17 | P83: -141 | Q83: =VLOOKUP(B83,[1]제품리스트!$A$2:$J$1000,10,FALSE) -> #264-Paint 1oz Putty | R83: =P83/11 -> -12.818182 | S83: =R83/-12 -> 1.0681818 | T83: =S83*3 -> 3.2045455 | U83: =VLOOKUP(B83,[1]재고수량!$A$13:$D$651,3,FALSE) -> #N/A | V83: =U83/12 -> #N/A | X83: =VLOOKUP(B83,[1]제품리스트!$A$2:$F$1110,5,FALSE) -> 16.2 | Y83: =W83*X83 -> 0
B84: 72001265 | C84: #265-레더페인트-Tangerine | D84: -33 | E84: -37 | F84: -30 | G84: -36 | H84: -41 | I84: -51 | J84: -56 | K84: -27 | L84: -49 | M84: -24 | N84: -29 | P84: -413 | Q84: =VLOOKUP(B84,[1]제품리스트!$A$2:$J$1000,10,FALSE) -> #265-Paint 1oz Tangerine | R84: =P84/11 -> -37.545455 | S84: =R84/-12 -> 3.1287879 | T84: =S84*3 -> 9.3863636 | U84: =VLOOKUP(B84,[1]재고수량!$A$13:$D$651,3,FALSE) -> #N/A | V84: =U84/12 -> #N/A | W84: 10 | X84: =VLOOKUP(B84,[1]제품리스트!$A$2:$F$1110,5,FALSE) -> 16.2 | Y84: =W84*X84 -> 162
B85: 72001266 | C85: #266-레더페인트-Georgia Peach | D85: -16 | E85: -45 | F85: -35 | G85: -24 | H85: -38 | I85: -26 | J85: -57 | K85: -35 | L85: -15 | M85: -32 | N85: -15 | P85: -338 | Q85: =VLOOKUP(B85,[1]제품리스트!$A$2:$J$1000,10,FALSE) -> #266-Paint 1oz Georgia Peach | R85: =P85/11 -> -30.727273 | S85: =R85/-12 -> 2.5606061 | T85: =S85*3 -> 7.6818182 | U85: =VLOOKUP(B85,[1]재고수량!$A$13:$D$651,3,FALSE) -> #N/A | V85: =U85/12 -> #N/A | W85: 10 | X85: =VLOOKUP(B85,[1]제품리스트!$A$2:$F$1110,5,FALSE) -> 16.2 | Y85: =W85*X85 -> 162
B86: 72001267 | C86: #267-레더페인트-Salmon | D86: -25 | E86: -33 | F86: -16 | G86: -8 | H86: -35 | I86: -35 | J86: -29 | K86: -14 | L86: -43 | M86: -32 | N86: -17 | P86: -287 | Q86: =VLOOKUP(B86,[1]제품리스트!$A$2:$J$1000,10,FALSE) -> #267-Paint 1oz Salmon | R86: =P86/11 -> -26.090909 | S86: =R86/-12 -> 2.1742424 | T86: =S86*3 -> 6.5227273 | U86: =VLOOKUP(B86,[1]재고수량!$A$13:$D$651,3,FALSE) -> #N/A | V86: =U86/12 -> #N/A | W86: 10 | X86: =VLOOKUP(B86,[1]제품리스트!$A$2:$F$1110,5,FALSE) -> 16.2 | Y86: =W86*X86 -> 162
B87: 72001268 | C87: #268-레더페인트-Rasberry | D87: -9 | E87: -12 | F87: -33 | G87: -1 | H87: -36 | I87: -25 | J87: -34 | K87: -12 | L87: -22 | M87: -26 | N87: -21 | P87: -231 | Q87: =VLOOKUP(B87,[1]제품리스트!$A$2:$J$1000,10,FALSE) -> #268-Paint 1oz Rasberry | R87: =P87/11 -> -21 | S87: =R87/-12 -> 1.75 | T87: =S87*3 -> 5.25 | U87: =VLOOKUP(B87,[1]재고수량!$A$13:$D$651,3,FALSE) -> #N/A | V87: =U87/12 -> #N/A | W87: 5 | X87: =VLOOKUP(B87,[1]제품리스트!$A$2:$F$1110,5,FALSE) -> 16.2 | Y87: =W87*X87 -> 81
B88: 72001269 | C88: #269-레더페인트-Mint | D88: -20 | E88: -28 | F88: -22 | G88: -27 | H88: -40 | I88: -43 | J88: -24 | K88: -33 | L88: -26 | M88: -38 | N88: -24 | P88: -325 | Q88: =VLOOKUP(B88,[1]제품리스트!$A$2:$J$1000,10,FALSE) -> #269-Paint 1oz Mint | R88: =P88/11 -> -29.545455 | S88: =R88/-12 -> 2.4621212 | T88: =S88*3 -> 7.3863636 | U88: =VLOOKUP(B88,[1]재고수량!$A$13:$D$651,3,FALSE) -> #N/A | V88: =U88/12 -> #N/A | W88: 10 | X88: =VLOOKUP(B88,[1]제품리스트!$A$2:$F$1110,5,FALSE) -> 16.2 | Y88: =W88*X88 -> 162
B89: 72001270 | C89: #270-레더페인트-Vachetta | D89: -14 | E89: -14 | F89: -24 | G89: 1 | H89: -28 | I89: -24 | J89: -19 | K89: -47 | L89: -7 | M89: -25 | N89: -18 | P89: -219 | Q89: =VLOOKUP(B89,[1]제품리스트!$A$2:$J$1000,10,FALSE) -> #270-Paint 1oz Vachetta | R89: =P89/11 -> -19.909091 | S89: =R89/-12 -> 1.6590909 | T89: =S89*3 -> 4.9772727 | U89: =VLOOKUP(B89,[1]재고수량!$A$13:$D$651,3,FALSE) -> #N/A | V89: =U89/12 -> #N/A | W89: 10 | X89: =VLOOKUP(B89,[1]제품리스트!$A$2:$F$1110,5,FALSE) -> 16.2 | Y89: =W89*X89 -> 162
B90: 72001272 | C90: #272-레더페인트-Olive | D90: -24 | E90: -19 | F90: -22 | G90: -14 | H90: -42 | I90: -28 | J90: -44 | K90: -64 | L90: -28 | M90: -43 | N90: -28 | P90: -356 | Q90: =VLOOKUP(B90,[1]제품리스트!$A$2:$J$1000,10,FALSE) -> #272-Paint 1oz Olive | R90: =P90/11 -> -32.363636 | S90: =R90/-12 -> 2.6969697 | T90: =S90*3 -> 8.0909091 | U90: =VLOOKUP(B90,[1]재고수량!$A$13:$D$651,3,FALSE) -> #N/A | V90: =U90/12 -> #N/A | W90: 10 | X90: =VLOOKUP(B90,[1]제품리스트!$A$2:$F$1110,5,FALSE) -> 16.2 | Y90: =W90*X90 -> 162
B91: 72001273 | C91: #273-레더페인트-Bowler Brown | E91: -38 | F91: -8 | G91: -5 | H91: -20 | I91: -16 | J91: -22 | K91: -22 | L91: -33 | M91: -42 | N91: -15 | P91: -221 | Q91: =VLOOKUP(B91,[1]제품리스트!$A$2:$J$1000,10,FALSE) -> #273-Paint 1oz Bowler Brown | R91: =P91/11 -> -20.090909 | S91: =R91/-12 -> 1.6742424 | T91: =S91*3 -> 5.0227273 | U91: =VLOOKUP(B91,[1]재고수량!$A$13:$D$651,3,FALSE) -> #N/A | V91: =U91/12 -> #N/A | W91: 10 | X91: =VLOOKUP(B91,[1]제품리스트!$A$2:$F$1110,5,FALSE) -> 16.2 | Y91: =W91*X91 -> 162
B92: 72001274 | C92: #274-레더페인트-Luggage Brown | E92: -38 | F92: -16 | G92: -24 | H92: -41 | I92: -4 | J92: -44 | K92: -21 | L92: -26 | M92: -38 | N92: -20 | P92: -272 | Q92: =VLOOKUP(B92,[1]제품리스트!$A$2:$J$1000,10,FALSE) -> #274-Paint 1oz Luggage Brown | R92: =P92/11 -> -24.727273 | S92: =R92/-12 -> 2.0606061 | T92: =S92*3 -> 6.1818182 | U92: =VLOOKUP(B92,[1]재고수량!$A$13:$D$651,3,FALSE) -> #N/A | V92: =U92/12 -> #N/A | W92: 10 | X92: =VLOOKUP(B92,[1]제품리스트!$A$2:$F$1110,5,FALSE) -> 16.2 | Y92: =W92*X92 -> 162
B93: 72001275 | C93: #275-레더페인트-Satchel Tan | E93: -41 | F93: -12 | G93: -19 | H93: -42 | I93: -21 | J93: -39 | K93: -48 | L93: -8 | M93: -48 | N93: -20 | P93: -298 | Q93: =VLOOKUP(B93,[1]제품리스트!$A$2:$J$1000,10,FALSE) -> #275-Paint 1oz Satchel Tan | R93: =P93/11 -> -27.090909 | S93: =R93/-12 -> 2.2575758 | T93: =S93*3 -> 6.7727273 | U93: =VLOOKUP(B93,[1]재고수량!$A$13:$D$651,3,FALSE) -> #N/A | V93: =U93/12 -> #N/A | W93: 10 | X93: =VLOOKUP(B93,[1]제품리스트!$A$2:$F$1110,5,FALSE) -> 16.2 | Y93: =W93*X93 -> 162
A94: 1-2.콜렉터에디션 | B94: 72701310 | C94: 콜렉터에디션-#310-aqua | D94: -1 | E94: -6 | F94: -21 | G94: -8 | H94: -15 | I94: -2 | J94: -9 | K94: -12 | L94: -18 | M94: -26 | N94: -14 | P94: -132 | Q94: =VLOOKUP(B94,[1]제품리스트!$A$2:$J$1000,10,FALSE) -> #310-Collector Edition-aqua | R94: =P94/11 -> -12 | S94: =R94/-12 -> 1 | T94: =S94*3 -> 3 | U94: =VLOOKUP(B94,[1]재고수량!$A$13:$D$651,3,FALSE) -> #N/A | V94: =U94/12 -> #N/A | X94: =VLOOKUP(B94,[1]제품리스트!$A$2:$F$1110,5,FALSE) -> 20.4 | Y94: =W94*X94 -> 0
B95: 72701312 | C95: 콜렉터에디션-#312-Blaze | D95: -30 | E95: -12 | F95: -19 | G95: -9 | H95: -15 | I95: -9 | J95: -21 | K95: -16 | L95: -17 | M95: -10 | N95: -13 | P95: -171 | Q95: =VLOOKUP(B95,[1]제품리스트!$A$2:$J$1000,10,FALSE) -> #312-Collector Edition-Blaze | R95: =P95/11 -> -15.545455 | S95: =R95/-12 -> 1.2954545 | T95: =S95*3 -> 3.8863636 | U95: =VLOOKUP(B95,[1]재고수량!$A$13:$D$651,3,FALSE) -> #N/A | V95: =U95/12 -> #N/A | X95: =VLOOKUP(B95,[1]제품리스트!$A$2:$F$1110,5,FALSE) -> 20.4 | Y95: =W95*X95 -> 0
B96: 72701313 | C96: 콜렉터에디션-#313-Concord | D96: -15 | E96: -1 | F96: -11 | G96: -3 | H96: -2 | I96: 0 | J96: -3 | L96: -1 | N96: 0 | P96: -36 | Q96: =VLOOKUP(B96,[1]제품리스트!$A$2:$J$1000,10,FALSE) -> #313-Collector Edition-Concord | R96: =P96/11 -> -3.2727273 | S96: =R96/-12 -> 0.27272727 | T96: =S96*3 -> 0.81818182 | U96: =VLOOKUP(B96,[1]재고수량!$A$13:$D$651,3,FALSE) -> #N/A | V96: =U96/12 -> #N/A | X96: =VLOOKUP(B96,[1]제품리스트!$A$2:$F$1110,5,FALSE) -> 20.4 | Y96: =W96*X96 -> 0
B97: 72701314 | C97: 콜렉터에디션-#314-Collector Edition White Cement | D97: -14 | E97: 0 | F97: -13 | G97: -18 | H97: -24 | I97: -2 | J97: -19 | K97: -13 | L97: -17 | M97: -12 | N97: -12 | P97: -144 | Q97: =VLOOKUP(B97,[1]제품리스트!$A$2:$J$1000,10,FALSE) -> #314-Collector Edition White Cement | R97: =P97/11 -> -13.090909 | S97: =R97/-12 -> 1.0909091 | T97: =S97*3 -> 3.2727273 | U97: =VLOOKUP(B97,[1]재고수량!$A$13:$D$651,3,FALSE) -> #N/A | V97: =U97/12 -> #N/A | X97: =VLOOKUP(B97,[1]제품리스트!$A$2:$F$1110,5,FALSE) -> 20.4 | Y97: =W97*X97 -> 0
B98: 72701315 | C98: 콜렉터에디션-#315-Collector Edition Volt | D98: -23 | E98: -18 | F98: -33 | G98: -22 | H98: -17 | I98: -17 | J98: -27 | K98: -21 | L98: -10 | M98: -15 | N98: -7 | P98: -210 | Q98: =VLOOKUP(B98,[1]제품리스트!$A$2:$J$1000,10,FALSE) -> #315-Collector Edition Volt | R98: =P98/11 -> -19.090909 | S98: =R98/-12 -> 1.5909091 | T98: =S98*3 -> 4.7727273 | U98: =VLOOKUP(B98,[1]재고수량!$A$13:$D$651,3,FALSE) -> #N/A | V98: =U98/12 -> #N/A | X98: =VLOOKUP(B98,[1]제품리스트!$A$2:$F$1110,5,FALSE) -> 20.4 | Y98: =W98*X98 -> 0
B99: 72701317 | C99: 콜렉터에디션-#317-Emerald | D99: -4 | E99: -3 | F99: -22 | G99: -19 | H99: -12 | I99: -8 | J99: -4 | K99: -12 | L99: -8 | M99: -31 | N99: -13 | P99: -136 | Q99: =VLOOKUP(B99,[1]제품리스트!$A$2:$J$1000,10,FALSE) -> #317-Collector Edition-Emerald | R99: =P99/11 -> -12.363636 | S99: =R99/-12 -> 1.030303 | T99: =S99*3 -> 3.0909091 | U99: =VLOOKUP(B99,[1]재고수량!$A$13:$D$651,3,FALSE) -> #N/A | V99: =U99/12 -> #N/A | X99: =VLOOKUP(B99,[1]제품리스트!$A$2:$F$1110,5,FALSE) -> 20.4 | Y99: =W99*X99 -> 0
B100: 72701319 | C100: 콜렉터에디션-#319-Infrared | D100: -26 | E100: -15 | F100: -8 | G100: -13 | H100: -11 | I100: -9 | J100: -28 | K100: -8 | L100: -9 | M100: -22 | N100: -10 | P100: -159 | Q100: =VLOOKUP(B100,[1]제품리스트!$A$2:$J$1000,10,FALSE) -> #319-Collector Edition-Infrared | R100: =P100/11 -> -14.454545 | S100: =R100/-12 -> 1.2045455 | T100: =S100*3 -> 3.6136364 | U100: =VLOOKUP(B100,[1]재고수량!$A$13:$D$651,3,FALSE) -> #N/A | V100: =U100/12 -> #N/A | X100: =VLOOKUP(B100,[1]제품리스트!$A$2:$F$1110,5,FALSE) -> 20.4 | Y100: =W100*X100 -> 0
B101: 72701321 | C101: 콜렉터에디션-#321-Maize | D101: -22 | E101: -29 | F101: -17 | G101: -8 | H101: -36 | I101: -13 | J101: -30 | K101: -24 | L101: -4 | M101: -32 | N101: -9 | P101: -224 | Q101: =VLOOKUP(B101,[1]제품리스트!$A$2:$J$1000,10,FALSE) -> #321-Collector Edition-Maize | R101: =P101/11 -> -20.363636 | S101: =R101/-12 -> 1.6969697 | T101: =S101*3 -> 5.0909091 | U101: =VLOOKUP(B101,[1]재고수량!$A$13:$D$651,3,FALSE) -> #N/A | V101: =U101/12 -> #N/A | X101: =VLOOKUP(B101,[1]제품리스트!$A$2:$F$1110,5,FALSE) -> 20.4 | Y101: =W101*X101 -> 0
B102: 72701323 | C102: 콜렉터에디션-#323-Mid Navy 8 | D102: -3 | E102: -8 | F102: -15 | G102: -6 | H102: -8 | I102: -15 | J102: -8 | K102: 0 | L102: -6 | M102: 0 | N102: -34 | P102: -103 | Q102: =VLOOKUP(B102,[1]제품리스트!$A$2:$J$1000,10,FALSE) -> #323-Collector Edition-Mid Navy 8 | R102: =P102/11 -> -9.3636364 | S102: =R102/-12 -> 0.78030303 | T102: =S102*3 -> 2.3409091 | U102: =VLOOKUP(B102,[1]재고수량!$A$13:$D$651,3,FALSE) -> #N/A | V102: =U102/12 -> #N/A | X102: =VLOOKUP(B102,[1]제품리스트!$A$2:$F$1110,5,FALSE) -> 20.4 | Y102: =W102*X102 -> 0
B103: 72701324 | C103: 콜렉터에디션-#324-Millitary Blue | D103: -10 | E103: -3 | F103: -28 | G103: -8 | H103: -18 | I103: -9 | J103: -18 | K103: -4 | L103: -11 | M103: -14 | N103: -3 | P103: -126 | Q103: =VLOOKUP(B103,[1]제품리스트!$A$2:$J$1000,10,FALSE) -> #324-Collector Edition-Millitary Blue | R103: =P103/11 -> -11.454545 | S103: =R103/-12 -> 0.95454545 | T103: =S103*3 -> 2.8636364 | U103: =VLOOKUP(B103,[1]재고수량!$A$13:$D$651,3,FALSE) -> #N/A | V103: =U103/12 -> #N/A | X103: =VLOOKUP(B103,[1]제품리스트!$A$2:$F$1110,5,FALSE) -> 20.4 | Y103: =W103*X103 -> 0
B104: 72701326 | C104: 콜렉터에디션-#326-Royal5 | D104: -18 | E104: -12 | F104: -19 | G104: -10 | H104: -33 | I104: -18 | J104: -10 | K104: -20 | L104: -19 | M104: -22 | N104: -10 | P104: -191 | Q104: =VLOOKUP(B104,[1]제품리스트!$A$2:$J$1000,10,FALSE) -> #326-Collector Edition-Royal5 | R104: =P104/11 -> -17.363636 | S104: =R104/-12 -> 1.4469697 | T104: =S104*3 -> 4.3409091 | U104: =VLOOKUP(B104,[1]재고수량!$A$13:$D$651,3,FALSE) -> #N/A | V104: =U104/12 -> #N/A | X104: =VLOOKUP(B104,[1]제품리스트!$A$2:$F$1110,5,FALSE) -> 20.4 | Y104: =W104*X104 -> 0
B105: 72701329 | C105: 콜렉터에디션-#329-Tru Blue | D105: -2 | E105: -21 | F105: -7 | G105: -7 | H105: -21 | I105: -4 | J105: -18 | K105: -5 | L105: -9 | M105: -14 | N105: -17 | P105: -125 | Q105: =VLOOKUP(B105,[1]제품리스트!$A$2:$J$1000,10,FALSE) -> #329-Collector Edition-Tru Blue | R105: =P105/11 -> -11.363636 | S105: =R105/-12 -> 0.9469697 | T105: =S105*3 -> 2.8409091 | U105: =VLOOKUP(B105,[1]재고수량!$A$13:$D$651,3,FALSE) -> #N/A | V105: =U105/12 -> #N/A | X105: =VLOOKUP(B105,[1]제품리스트!$A$2:$F$1110,5,FALSE) -> 20.4 | Y105: =W105*X105 -> 0
B106: 72701330 | C106: 콜렉터에디션-#330-Collector Edition Varsity | D106: -28 | E106: -31 | F106: -69 | G106: -34 | H106: -89 | I106: -22 | J106: -59 | K106: -114 | L106: -9 | M106: -50 | N106: -22 | P106: -527 | Q106: =VLOOKUP(B106,[1]제품리스트!$A$2:$J$1000,10,FALSE) -> #330-Collector Edition Varsity | R106: =P106/11 -> -47.909091 | S106: =R106/-12 -> 3.9924242 | T106: =S106*3 -> 11.977273 | U106: =VLOOKUP(B106,[1]재고수량!$A$13:$D$651,3,FALSE) -> #N/A | V106: =U106/12 -> #N/A | X106: =VLOOKUP(B106,[1]제품리스트!$A$2:$F$1110,5,FALSE) -> 20.4 | Y106: =W106*X106 -> 0
B107: 72701331 | C107: 콜렉터에디션-#331-Miami Vice | D107: -3 | E107: -11 | F107: -13 | G107: -7 | H107: -20 | I107: -10 | J107: -3 | K107: -12 | L107: -15 | M107: -10 | N107: -5 | P107: -109 | Q107: =VLOOKUP(B107,[1]제품리스트!$A$2:$J$1000,10,FALSE) -> #331-Collector Edition-Miami Vice | R107: =P107/11 -> -9.9090909 | S107: =R107/-12 -> 0.82575758 | T107: =S107*3 -> 2.4772727 | U107: =VLOOKUP(B107,[1]재고수량!$A$13:$D$651,3,FALSE) -> #N/A | V107: =U107/12 -> #N/A | X107: =VLOOKUP(B107,[1]제품리스트!$A$2:$F$1110,5,FALSE) -> 20.4 | Y107: =W107*X107 -> 0
B108: 72701332 | C108: 콜렉터에디션-#332-Melo2 | D108: -20 | E108: -1 | F108: -17 | G108: -6 | H108: -17 | I108: -16 | J108: -17 | K108: -16 | L108: -23 | M108: -24 | N108: -17 | P108: -174 | Q108: =VLOOKUP(B108,[1]제품리스트!$A$2:$J$1000,10,FALSE) -> #332-Collector Edition-Melo2 | R108: =P108/11 -> -15.818182 | S108: =R108/-12 -> 1.3181818 | T108: =S108*3 -> 3.9545455 | U108: =VLOOKUP(B108,[1]재고수량!$A$13:$D$651,3,FALSE) -> #N/A | V108: =U108/12 -> #N/A | X108: =VLOOKUP(B108,[1]제품리스트!$A$2:$F$1110,5,FALSE) -> 20.4 | Y108: =W108*X108 -> 0
B109: 72701333 | C109: 콜렉터에디션-#333-DTRT Yellow | D109: -23 | E109: -12 | F109: -25 | G109: -9 | H109: -24 | I109: -22 | J109: -26 | K109: -12 | L109: -14 | M109: -22 | N109: -6 | P109: -195 | Q109: =VLOOKUP(B109,[1]제품리스트!$A$2:$J$1000,10,FALSE) -> #333-Collector Edition-DTRT Yellow | R109: =P109/11 -> -17.727273 | S109: =R109/-12 -> 1.4772727 | T109: =S109*3 -> 4.4318182 | U109: =VLOOKUP(B109,[1]재고수량!$A$13:$D$651,3,FALSE) -> #N/A | V109: =U109/12 -> #N/A | X109: =VLOOKUP(B109,[1]제품리스트!$A$2:$F$1110,5,FALSE) -> 20.4 | Y109: =W109*X109 -> 0
B110: 72701334 | C110: 콜렉터에디션-#334-Play 8 Grey | D110: -1 | E110: -9 | F110: -3 | G110: 0 | H110: -2 | I110: -15 | M110: -3 | N110: -3 | P110: -36 | Q110: =VLOOKUP(B110,[1]제품리스트!$A$2:$J$1000,10,FALSE) -> #334-Collector Edition-Play 8 Grey | R110: =P110/11 -> -3.2727273 | S110: =R110/-12 -> 0.27272727 | T110: =S110*3 -> 0.81818182 | U110: =VLOOKUP(B110,[1]재고수량!$A$13:$D$651,3,FALSE) -> #N/A | V110: =U110/12 -> #N/A | X110: =VLOOKUP(B110,[1]제품리스트!$A$2:$F$1110,5,FALSE) -> 20.4 | Y110: =W110*X110 -> 0
B111: 72701335 | C111: 콜렉터에디션-#335-Yeezy | D111: -12 | E111: -9 | F111: -10 | G111: -6 | H111: -23 | I111: -12 | J111: -5 | K111: -6 | L111: -9 | M111: -13 | N111: -10 | P111: -115 | Q111: =VLOOKUP(B111,[1]제품리스트!$A$2:$J$1000,10,FALSE) -> #335-Collector Edition-Yeezy | R111: =P111/11 -> -10.454545 | S111: =R111/-12 -> 0.87121212 | T111: =S111*3 -> 2.6136364 | U111: =VLOOKUP(B111,[1]재고수량!$A$13:$D$651,3,FALSE) -> #N/A | V111: =U111/12 -> #N/A | X111: =VLOOKUP(B111,[1]제품리스트!$A$2:$F$1110,5,FALSE) -> 20.4 | Y111: =W111*X111 -> 0
B112: 72701336 | C112: 콜렉터에디션-#336-Collector Edition Maroon | D112: 0 | E112: 0 | F112: -10 | G112: 0 | H112: -5 | I112: -6 | J112: -3 | K112: -8 | L112: 2 | M112: -3 | N112: -9 | P112: -42 | Q112: =VLOOKUP(B112,[1]제품리스트!$A$2:$J$1000,10,FALSE) -> #336-Collector Edition Maroon | R112: =P112/11 -> -3.8181818 | S112: =R112/-12 -> 0.31818182 | T112: =S112*3 -> 0.95454545 | U112: =VLOOKUP(B112,[1]재고수량!$A$13:$D$651,3,FALSE) -> #N/A | V112: =U112/12 -> #N/A | X112: =VLOOKUP(B112,[1]제품리스트!$A$2:$F$1110,5,FALSE) -> 20.4 | Y112: =W112*X112 -> 0
B113: 72701337 | C113: 콜렉터에디션-#337-Grape5 | D113: -12 | E113: -20 | F113: -17 | G113: -2 | H113: -6 | I113: -15 | J113: -12 | K113: -13 | L113: -17 | M113: -17 | N113: -15 | P113: -146 | Q113: =VLOOKUP(B113,[1]제품리스트!$A$2:$J$1000,10,FALSE) -> #337-Collector Edition-Grape5 | R113: =P113/11 -> -13.272727 | S113: =R113/-12 -> 1.1060606 | T113: =S113*3 -> 3.3181818 | U113: =VLOOKUP(B113,[1]재고수량!$A$13:$D$651,3,FALSE) -> #N/A | V113: =U113/12 -> #N/A | X113: =VLOOKUP(B113,[1]제품리스트!$A$2:$F$1110,5,FALSE) -> 20.4 | Y113: =W113*X113 -> 0
B114: 72701338 | C114: 콜렉터에디션-#338-Squadron | D114: 0 | E114: 0 | F114: -3 | G114: 0 | H114: -11 | I114: -3 | J114: -7 | K114: 0 | L114: 0 | N114: 0 | P114: -24 | Q114: =VLOOKUP(B114,[1]제품리스트!$A$2:$J$1000,10,FALSE) -> #338-Collector Edition Squadron | R114: =P114/11 -> -2.1818182 | S114: =R114/-12 -> 0.18181818 | T114: =S114*3 -> 0.54545455 | U114: =VLOOKUP(B114,[1]재고수량!$A$13:$D$651,3,FALSE) -> #N/A | V114: =U114/12 -> #N/A | X114: =VLOOKUP(B114,[1]제품리스트!$A$2:$F$1110,5,FALSE) -> 20.4 | Y114: =W114*X114 -> 0
B115: 72701339 | C115: 콜렉터에디션-#339-French Blue | D115: -3 | E115: -6 | F115: -12 | G115: -3 | H115: -14 | I115: -10 | J115: -1 | K115: -5 | L115: -4 | M115: -13 | N115: -13 | P115: -84 | Q115: =VLOOKUP(B115,[1]제품리스트!$A$2:$J$1000,10,FALSE) -> #339-Collector Edition French Blue | R115: =P115/11 -> -7.6363636 | S115: =R115/-12 -> 0.63636364 | T115: =S115*3 -> 1.9090909 | U115: =VLOOKUP(B115,[1]재고수량!$A$13:$D$651,3,FALSE) -> #N/A | V115: =U115/12 -> #N/A | X115: =VLOOKUP(B115,[1]제품리스트!$A$2:$F$1110,5,FALSE) -> 20.4 | Y115: =W115*X115 -> 0
B116: 72701341 | C116: 콜렉터에디션-#341-gamma Blue | D116: -9 | E116: -5 | F116: -21 | G116: -3 | H116: -18 | I116: -8 | J116: -17 | K116: -1 | L116: -17 | M116: -15 | N116: -9 | P116: -123 | Q116: =VLOOKUP(B116,[1]제품리스트!$A$2:$J$1000,10,FALSE) -> #341-Collector Edition gamma Blue | R116: =P116/11 -> -11.181818 | S116: =R116/-12 -> 0.93181818 | T116: =S116*3 -> 2.7954545 | U116: =VLOOKUP(B116,[1]재고수량!$A$13:$D$651,3,FALSE) -> #N/A | V116: =U116/12 -> #N/A | X116: =VLOOKUP(B116,[1]제품리스트!$A$2:$F$1110,5,FALSE) -> 20.4 | Y116: =W116*X116 -> 0
B117: 72701342 | C117: 콜렉터에디션-#342-Joker Green | D117: -4 | E117: -21 | F117: -6 | G117: -7 | H117: -23 | I117: -12 | J117: -6 | K117: -7 | L117: 0 | M117: -13 | N117: -11 | P117: -110 | Q117: =VLOOKUP(B117,[1]제품리스트!$A$2:$J$1000,10,FALSE) -> #342-Collector Edition Joker Green | R117: =P117/11 -> -10 | S117: =R117/-12 -> 0.83333333 | T117: =S117*3 -> 2.5 | U117: =VLOOKUP(B117,[1]재고수량!$A$13:$D$651,3,FALSE) -> #N/A | V117: =U117/12 -> #N/A | X117: =VLOOKUP(B117,[1]제품리스트!$A$2:$F$1110,5,FALSE) -> 20.4 | Y117: =W117*X117 -> 0
B118: 72701343 | C118: 콜렉터에디션-#343-Tour Yellow | D118: -24 | E118: -9 | F118: -40 | G118: -2 | H118: -39 | I118: -1 | J118: -37 | K118: -17 | L118: -11 | M118: -36 | N118: -4 | P118: -220 | Q118: =VLOOKUP(B118,[1]제품리스트!$A$2:$J$1000,10,FALSE) -> #343-Collector Edition Tour Yellow | R118: =P118/11 -> -20 | S118: =R118/-12 -> 1.6666667 | T118: =S118*3 -> 5 | U118: =VLOOKUP(B118,[1]재고수량!$A$13:$D$651,3,FALSE) -> #N/A | V118: =U118/12 -> #N/A | X118: =VLOOKUP(B118,[1]제품리스트!$A$2:$F$1110,5,FALSE) -> 20.4 | Y118: =W118*X118 -> 0
B119: 72701344 | C119: 콜렉터에디션-#344-Thunder Yellow | D119: -14 | E119: -17 | F119: -28 | G119: -18 | H119: -29 | I119: -8 | J119: -21 | K119: -30 | L119: -4 | M119: -35 | N119: -10 | P119: -214 | Q119: =VLOOKUP(B119,[1]제품리스트!$A$2:$J$1000,10,FALSE) -> #344-Collector Edition Thunder Yellow | R119: =P119/11 -> -19.454545 | S119: =R119/-12 -> 1.6212121 | T119: =S119*3 -> 4.8636364 | U119: =VLOOKUP(B119,[1]재고수량!$A$13:$D$651,3,FALSE) -> #N/A | V119: =U119/12 -> #N/A | X119: =VLOOKUP(B119,[1]제품리스트!$A$2:$F$1110,5,FALSE) -> 20.4 | Y119: =W119*X119 -> 0
B120: 72701345 | C120: 콜렉터에디션-#345-InfraRed 2014 | D120: -19 | E120: 0 | F120: -17 | G120: -31 | H120: -17 | I120: -3 | J120: -20 | K120: -10 | L120: -5 | M120: -12 | N120: -9 | P120: -143 | Q120: =VLOOKUP(B120,[1]제품리스트!$A$2:$J$1000,10,FALSE) -> #345-Collector Edition InfraRed 2014 | R120: =P120/11 -> -13 | S120: =R120/-12 -> 1.0833333 | T120: =S120*3 -> 3.25 | U120: =VLOOKUP(B120,[1]재고수량!$A$13:$D$651,3,FALSE) -> #N/A | V120: =U120/12 -> #N/A | X120: =VLOOKUP(B120,[1]제품리스트!$A$2:$F$1110,5,FALSE) -> 20.4 | Y120: =W120*X120 -> 0
B121: 72701346 | C121: 콜렉터에디션-#346-Shattered Orange | D121: 5 | E121: -39 | F121: -9 | G121: -5 | H121: -29 | I121: -6 | J121: 0 | K121: 0 | L121: -20 | M121: -24 | N121: -11 | P121: -138 | Q121: =VLOOKUP(B121,[1]제품리스트!$A$2:$J$1000,10,FALSE) -> 0 | R121: =P121/11 -> -12.545455 | S121: =R121/-12 -> 1.0454545 | T121: =S121*3 -> 3.1363636 | U121: =VLOOKUP(B121,[1]재고수량!$A$13:$D$651,3,FALSE) -> #N/A | V121: =U121/12 -> #N/A | X121: =VLOOKUP(B121,[1]제품리스트!$A$2:$F$1110,5,FALSE) -> 20.4 | Y121: =W121*X121 -> 0
B122: 72701347 | C122: 콜렉터에디션-#347-Uni Blue | E122: -10 | F122: -3 | G122: -7 | H122: -21 | I122: -18 | J122: 0 | K122: 0 | L122: -16 | M122: -25 | N122: -5 | P122: -105 | Q122: =VLOOKUP(B122,[1]제품리스트!$A$2:$J$1000,10,FALSE) -> 0 | R122: =P122/11 -> -9.5454545 | S122: =R122/-12 -> 0.79545455 | T122: =S122*3 -> 2.3863636 | U122: =VLOOKUP(B122,[1]재고수량!$A$13:$D$651,3,FALSE) -> #N/A | V122: =U122/12 -> #N/A | X122: =VLOOKUP(B122,[1]제품리스트!$A$2:$F$1110,5,FALSE) -> 20.4 | Y122: =W122*X122 -> 0
B123: 72701348 | C123: 콜렉터에디션-#348-Shadow Grey | E123: -22 | F123: -3 | G123: -3 | H123: -22 | I123: -14 | J123: -2 | K123: -4 | L123: -8 | M123: -17 | N123: -7 | P123: -102 | Q123: =VLOOKUP(B123,[1]제품리스트!$A$2:$J$1000,10,FALSE) -> 0 | R123: =P123/11 -> -9.2727273 | S123: =R123/-12 -> 0.77272727 | T123: =S123*3 -> 2.3181818 | U123: =VLOOKUP(B123,[1]재고수량!$A$13:$D$651,3,FALSE) -> #N/A | V123: =U123/12 -> #N/A | X123: =VLOOKUP(B123,[1]제품리스트!$A$2:$F$1110,5,FALSE) -> 20.4 | Y123: =W123*X123 -> 0
A124: 1-3.네온페인트 | B124: 72501120 | C124: 네온페인트-#120-Rio Red | D124: -6 | E124: -14 | F124: -14 | G124: -6 | H124: -15 | I124: -15 | J124: -20 | K124: -20 | L124: -11 | M124: -16 | N124: -3 | P124: -140 | Q124: =VLOOKUP(B124,[1]제품리스트!$A$2:$J$1000,10,FALSE) -> #120-Neon Acrylic Leather Paint Rio Red | R124: =P124/11 -> -12.727273 | S124: =R124/-12 -> 1.0606061 | T124: =S124*3 -> 3.1818182 | U124: =VLOOKUP(B124,[1]재고수량!$A$13:$D$651,3,FALSE) -> #N/A | V124: =U124/12 -> #N/A | X124: =VLOOKUP(B124,[1]제품리스트!$A$2:$F$1110,5,FALSE) -> 16.8 | Y124: =W124*X124 -> 0
B125: 72501121 | C125: 네온페인트-#121-TahitianPink | D125: -6 | E125: -8 | F125: -23 | G125: -26 | H125: -6 | I125: -18 | J125: -30 | K125: -21 | L125: -16 | M125: -13 | N125: -11 | P125: -178 | Q125: =VLOOKUP(B125,[1]제품리스트!$A$2:$J$1000,10,FALSE) -> #121-Neon Acrylic Leather Paint TahitianPink | R125: =P125/11 -> -16.181818 | S125: =R125/-12 -> 1.3484848 | T125: =S125*3 -> 4.0454545 | U125: =VLOOKUP(B125,[1]재고수량!$A$13:$D$651,3,FALSE) -> #N/A | V125: =U125/12 -> #N/A | X125: =VLOOKUP(B125,[1]제품리스트!$A$2:$F$1110,5,FALSE) -> 16.8 | Y125: =W125*X125 -> 0
...
